<?xml version="1.0" encoding="UTF-8"?>
<!DOCTYPE mapper  PUBLIC "-//mybatis.org//DTD Mapper 3.0//EN"
   "http://mybatis.org/dtd/mybatis-3-mapper.dtd">

<mapper namespace="com.shinhan.dept">
	<select id="selectAll" resultType="deptvo">
		select * from departments
	</select>
	
	<select id="selectById" parameterType="int" resultType="deptvo">
		select *
		from departments
		where department_id = #{aa}
	</select>

	<insert id="deptInsert" parameterType="deptvo">
	insert into departments values(#{department_id},#{department_name},
	#{manager_id},#{location_id})<!-- getter로 읽는다. -->
	</insert>
	
	<update id="deptUpdate" parameterType="deptvo">
	update departments set DEPARTMENT_NAME=#{department_name}, MANAGER_ID=#{manager_id},
	LOCATION_ID=#{location_id} where DEPARTMENT_ID=#{department_id}
	</update>
	
	<delete id="deptDelete" parameterType="int">
	delete from departments where DEPARTMENT_ID=#{department_id}
	</delete>
</mapper>
