<?xml version="1.0" encoding="UTF-8"?>
<!DOCTYPE mapper  PUBLIC "-//mybatis.org//DTD Mapper 3.0//EN"
   "http://mybatis.org/dtd/mybatis-3-mapper.dtd">

<mapper namespace="com.shinhan.emp">

	<select id="selectAll" resultType="empvo">
		select * from employees
		order
		by 1
	</select>


	<select id="loginCheck" parameterType="String"
		resultType="empvo">
		select employee_id,
		first_name,
		last_name,
		phone_number from
		employees
		where email = #{aa}
	</select>

	<delete id="empDelete" parameterType="int">
		delete employees
		where
		employee_id = #{employee_id}
	</delete>
	<update id="empUpdate" parameterType="empvo">
		update employees
		set
		first_name = #{first_name},
		last_name =
		#{last_name},
		email = #{email},
		phone_number = #{phone_number},
		hire_date = #{hire_date},
		job_id =
		#{job_id},
		salary = #{salary},
		commission_pct = #{commission_pct},
		<if test="manager_id == 0">manager_id = null,</if>
		<if test="manager_id != 0">manager_id = #{manager_id},</if>

		<if test="department_id == 0">department_id = null</if>
		<if test="department_id != 0">department_id = #{department_id}</if>

		where
		employee_id = #{employee_id}
	</update>

	<insert id="empInsert" parameterType="empvo">
		insert into employees
		values (#{employee_id},#{first_name},
		#{last_name},#{email},#{phone_number},#{hire_date},#{job_id},#{salary},
		#{commission_pct},
		<if test="department_id == 0">null,</if>
		<if test="department_id != 0">#{department_id},</if>

		<if test="manager_id == 0">null</if>
		<if test="manager_id != 0">#{manager_id}</if>

		)

	</insert>

	<select id="selectByCondition" parameterType="map"
		resultType="empvo"> <!-- 키값이 여러개여서 map사용 -->
		select * from employees
		where 1=1

		<if test="deptid!=0 and deptid!=null">
			and department_id = #{deptid}
		</if>

		<if test="jobid!='all' and jobid!=null">
			and job_id = #{jobid}
		</if>

		<if test="hdate!=null">
			and hire_date >= #{hdate}
		</if>

		<if test="salary!=null">
			and salary >= #{salary}
		</if>
		order by 1

	</select>

	<select id="selectByJob" parameterType="String"
		resultType="empvo">
		select * from employees where job_id = #{jobid}
	</select>

	<select id="selectByDept" parameterType="int" resultType="empvo">
		select
		* from employees where department_id = #{deptid}
	</select>

	<select id="selectByDept2" parameterType="int"
		resultType="empvo">
		select
		* from employees
		where department_id in
		<foreach collection="list" item="item" open="(" close=")"
			separator=",">
			#{item}
		</foreach>
	</select>

	<select id="selectById" parameterType="int" resultType="empvo">
		select *
		from employees where employee_id = #{empid}
	</select>

	<select id="selectByEmail" parameterType="String"
		resultType="int">
		select * from employees where email = #{email}
	</select>

	<select id="selectAllJob"
		resultType="org.firstzone.myapp.emp.JobDTO">
		select * from jobs
	</select>

	<select id="selectAllManager" resultType="map">
		SELECT EMPLOYEE_ID
		"employee_id", FIRST_NAME ||' '|| LAST_NAME "fullname" FROM EMPLOYEES
		WHERE EMPLOYEE_ID IN (SELECT DISTINCT MANAGER_ID
		FROM EMPLOYEES
		WHERE
		MANAGER_ID IS NOT NULL)
	</select>

</mapper>

