<?xml version="1.0" encoding="UTF-8"?>
<!DOCTYPE configuration PUBLIC "-//mybatis.org//DTD Config 3.0//EN"
"http://mybatis.org/dtd/mybatis-3-config.dtd">

<configuration>
	<settings>
		<setting name="logImpl" value="LOG4J" />
		<setting name="jdbcTypeForNull" value="NULL" />
	</settings>
	<typeAliases>
		<typeAlias type="org.firstzone.myapp.dept.DeptDTO" alias="deptvo" />
		<typeAlias type="org.firstzone.myapp.emp.EmpDTO" alias="empvo" />
		<typeAlias type="com.shinhan.myapp.model.BoardDTO" alias="boardvo" />
	</typeAliases>
</configuration>
